"Rank","Player","REC","TGT","YDS","Y/R","LG","20+","TD","ATT","YDS","TD","FL","G","FPTS","FPTS/G","OWN"
"1","Tyreek Hill (KC)","87","137","1,479","17.0","75","27","12","22","151","1","0","16","284.5","17.8","99.8%"
"2","DeAndre Hopkins (ARI)","115","163","1,572","13.7","49","23","11","1","-7","0","2","16","276.0","17.3","99.8%"
"3","Davante Adams (GB)","111","169","1,386","12.5","57","18","13","0","0","0","0","15","274.1","18.3","99.8%"
"4","Antonio Brown (TB)","104","169","1,297","12.5","78","17","15","0","0","0","0","15","271.7","18.1","74.5%"
"5","Julio Jones (TEN)","113","170","1,677","14.8","58","24","8","2","12","0","2","16","269.3","16.8","98.9%"
"6","Michael Thomas (NO)","125","147","1,405","11.2","72","17","9","0","0","0","2","16","253.0","15.8","97.0%"
"7","Adam Thielen (MIN)","113","153","1,373","12.2","68","17","9","5","30","0","1","16","250.8","15.7","98.1%"
"8","JuJu Smith-Schuster (PIT)","111","166","1,426","12.8","97","18","7","1","13","0","1","16","241.4","15.1","92.3%"
"9","Mike Evans (TB)","86","139","1,524","17.7","72","26","8","0","0","0","1","16","241.4","15.1","99.3%"
"10","Robert Woods (LAR)","86","131","1,219","14.2","39","20","6","19","157","1","0","16","222.6","13.9","97.1%"
"11","Stefon Diggs (BUF)","102","148","1,021","10.0","75","13","9","10","62","0","0","15","215.3","14.4","99.8%"
"12","Keenan Allen (LAC)","97","137","1,196","12.3","54","13","6","9","75","0","1","16","211.6","13.2","99.4%"
"13","Brandin Cooks (HOU)","80","116","1,204","15.1","57","22","5","10","68","1","0","16","203.2","12.7","89.0%"
"14","T.Y. Hilton (IND)","76","120","1,270","16.7","68","22","6","0","0","0","0","14","201.0","14.4","58.4%"
"15","Tyler Lockett (SEA)","57","71","965","16.9","52","17","10","13","69","0","0","16","193.9","12.1","96.7%"
"16","Odell Beckham Jr. (CLE)","77","124","1,052","13.7","51","17","6","5","19","0","1","12","191.9","16.0","93.9%"
"17","Tyler Boyd (CIN)","76","108","1,028","13.5","49","21","7","2","3","0","0","14","183.1","13.1","86.6%"
"18","Amari Cooper (DAL)","75","107","1,004","13.4","90","10","7","2","20","0","2","15","177.9","11.9","98.1%"
"19","Jarvis Landry (CLE)","81","149","976","12.0","51","13","4","3","60","1","1","16","176.6","11.0","83.6%"
"20","Calvin Ridley (ATL)","64","92","821","12.8","75","11","10","6","27","0","1","16","174.8","10.9","99.5%"
"21","Kenny Golladay (NYG)","70","118","1,063","15.2","60","19","5","1","8","0","0","15","172.1","11.5","94.5%"
"22","Julian Edelman (FA)","74","108","850","11.5","36","12","6","9","107","0","0","12","170.4","14.2","2.2%"
"23","Emmanuel Sanders (BUF)","71","98","868","12.2","64","13","4","4","53","1","0","12","162.7","13.6","6.8%"
"24","Mike Williams (LAC)","43","66","664","15.4","55","11","10","7","28","1","0","16","158.7","9.9","59.0%"
"25","Chris Godwin (TB)","59","95","842","14.3","48","10","7","0","0","0","1","16","155.7","9.7","96.5%"
"26","Alshon Jeffery (FA)","65","92","843","13.0","52","9","6","0","0","0","0","13","152.8","11.8","0.2%"
"27","Larry Fitzgerald (FA)","69","112","734","10.6","37","8","6","0","0","0","0","16","151.2","9.5","0.4%"
"28","Corey Davis (NYJ)","65","112","891","13.7","51","15","4","6","55","0","0","16","151.1","9.4","69.3%"
"29","Adam Humphries (WAS)","76","105","816","10.7","51","7","5","2","11","0","0","16","150.7","9.4","1.1%"
"30","Sterling Shepard (NYG)","66","107","872","13.2","58","12","4","3","33","0","0","16","149.5","9.3","8.7%"
"31","Mohamed Sanu (SF)","66","94","838","12.7","44","7","4","7","44","0","1","16","149.4","9.3","0.1%"
"32","Golden Tate (FA)","74","113","795","10.7","67","9","4","4","34","0","0","15","145.9","9.7","0.3%"
"33","Dede Westbrook (MIN)","66","101","717","10.9","61","15","5","9","98","0","2","16","140.6","8.8","0.3%"
"34","Zay Jones (LV)","56","102","652","11.6","57","7","7","1","0","0","0","16","137.2","8.6","0.1%"
"35","Nelson Agholor (NE)","64","97","736","11.5","83","10","4","3","32","0","0","16","133.4","8.3","26.8%"
"36","Robby Anderson (CAR)","50","93","752","15.0","76","10","6","2","-8","0","2","14","131.4","9.4","89.3%"
"37","DeSean Jackson (LAR)","41","74","774","18.9","75","13","4","6","29","1","0","12","130.8","10.9","2.2%"
"38","D.J. Moore (CAR)","55","82","788","14.3","82","9","2","13","172","0","3","16","129.5","8.1","95.1%"
"39","Demaryius Thomas (FA)","59","89","677","11.5","45","9","5","0","0","0","0","15","127.2","8.5","0.1%"
"40","A.J. Green (ARI)","46","77","694","15.1","38","12","6","0","0","0","1","9","126.4","14.0","24.5%"
"41","Allen Robinson II (CHI)","55","94","754","13.7","43","11","4","1","9","0","1","13","125.8","9.7","99.2%"
"42","Jordy Nelson (FA)","63","88","739","11.7","66","7","3","1","-2","0","0","15","125.2","8.3","0.1%"
"43","John Brown (LV)","42","97","715","17.0","71","11","5","3","4","0","0","16","122.9","7.7","13.8%"
"44","Taylor Gabriel (FA)","67","93","688","10.3","54","7","2","9","61","0","1","16","118.4","7.4","0.1%"
"45","Josh Gordon (SEA)","41","71","737","18.0","55","12","4","0","0","0","0","12","118.2","9.9","2.6%"
"46","Cole Beasley (BUF)","65","86","672","10.3","32","3","3","0","0","0","0","16","117.7","7.4","68.0%"
"47","Curtis Samuel (WAS)","39","65","494","12.7","53","6","5","8","84","2","1","13","117.3","9.0","82.6%"
"48","Tyrell Williams (DET)","41","64","653","15.9","75","11","5","2","15","0","0","16","117.3","7.3","7.7%"
"49","Doug Baldwin (FA)","50","73","618","12.4","42","9","5","0","0","0","0","13","116.8","9.0","0.0%"
"50","Kenny Stills (BUF)","37","64","553","14.9","75","7","6","0","0","0","0","15","115.9","7.7","0.1%"
"51","Courtland Sutton (DEN)","42","84","704","16.8","42","16","4","1","-1","0","0","16","115.3","7.2","90.0%"
"52","Cooper Kupp (LAR)","40","55","566","14.2","70","9","6","4","25","0","0","8","115.1","14.4","94.3%"
"53","Antonio Callaway (KC)","43","79","586","13.6","71","8","5","2","7","0","1","16","110.8","6.9","0.1%"
"54","Donte Moncrief (HOU)","48","90","668","13.9","80","7","3","0","0","0","1","16","106.8","6.7","0.0%"
"55","Michael Crabtree (FA)","54","100","607","11.2","27","6","3","0","0","0","0","16","105.7","6.6","0.1%"
"56","Anthony Miller (HOU)","33","54","423","12.8","55","6","7","6","26","0","0","15","103.7","6.9","1.1%"
"57","Willie Snead IV (LV)","62","95","651","10.5","28","5","1","1","13","0","0","16","103.4","6.5","0.3%"
"58","Christian Kirk (ARI)","43","68","590","13.7","75","8","3","3","35","0","0","12","102.0","8.5","3.8%"
"59","Devin Funchess (GB)","44","79","549","12.5","27","8","4","0","0","0","0","14","100.9","7.2","0.3%"
"60","Rashard Higgins (CLE)","39","53","572","14.7","40","11","4","0","0","0","1","13","98.7","7.6","1.2%"
"61","Marvin Jones Jr. (JAC)","35","62","508","14.5","39","5","5","0","0","0","0","9","98.3","10.9","62.8%"
"62","Danny Amendola (FA)","59","79","575","9.7","39","4","1","1","-2","0","0","15","97.9","6.5","0.1%"
"63","Sammy Watkins (BAL)","40","55","519","13.0","50","7","3","5","52","0","0","10","95.1","9.5","3.8%"
"64","Kendrick Bourne (NE)","42","66","487","11.6","33","6","4","0","0","0","0","16","93.7","5.9","1.2%"
"65","Marquez Valdes-Scantling (GB)","38","72","581","15.3","60","8","2","2","29","0","0","16","92.0","5.8","2.9%"
"66","Chester Rogers (TEN)","53","72","485","9.2","34","5","2","1","-4","0","0","16","90.6","5.7","0.0%"
"67","Will Fuller V (MIA)","32","45","503","15.7","73","7","4","0","0","0","0","7","90.3","12.9","82.6%"
"68","Dante Pettis (NYG)","27","45","467","17.3","75","9","5","1","-2","0","0","12","90.0","7.5","0.1%"
"69","Chris Hogan (NO)","35","53","532","15.2","63","11","3","0","0","0","0","16","88.7","5.5","0.1%"
"70","David Moore (CAR)","26","52","445","17.1","54","8","5","1","5","0","0","16","88.0","5.5","0.5%"
"71","Josh Doctson (FA)","44","78","532","12.1","32","7","2","0","0","0","0","15","87.2","5.8","0.0%"
"72","Tre'Quan Smith (NO)","28","44","427","15.3","62","6","5","0","0","0","0","15","86.7","5.8","10.0%"
"73","Robert Foster (MIA)","27","45","541","20.0","75","9","3","0","0","0","0","13","85.6","6.6","0.0%"
"74","Josh Reynolds (TEN)","29","53","402","13.9","33","6","5","2","8","0","0","16","85.5","5.3","1.4%"
"75","Seth Roberts (FA)","45","64","494","11.0","44","7","2","3","5","0","0","15","84.4","5.6","0.0%"
"76","Albert Wilson (MIA)","26","35","391","15.0","75","7","4","8","16","0","0","7","83.8","12.0","0.2%"
"77","Michael Gallup (DAL)","33","68","507","15.4","49","10","2","0","0","0","0","16","81.2","5.1","81.1%"
"78","Cordarrelle Patterson (ATL)","21","28","247","11.8","55","4","3","42","228","1","1","15","80.0","5.3","2.0%"
"79","Jarius Wright (FA)","43","59","447","10.4","33","8","1","2","39","0","1","16","76.1","4.8","0.0%"
"80","Marquise Goodwin (CHI)","23","43","395","17.2","67","5","4","4","9","0","0","11","75.9","6.9","0.3%"
"81","Chris Conley (HOU)","32","52","334","10.4","27","4","5","0","0","0","2","16","75.4","4.7","1.1%"
"82","John Ross (NYG)","21","58","210","10.0","39","3","7","4","9","0","0","13","74.4","5.7","0.4%"
"83","Keelan Cole Sr. (NYJ)","38","70","491","12.9","35","7","1","0","0","0","2","16","70.1","4.4","1.0%"
"84","Taywan Taylor (HOU)","37","56","466","12.6","55","3","1","0","0","0","1","13","69.1","5.3","0.0%"
"85","Jamison Crowder (NYJ)","29","50","388","13.4","79","4","2","4","30","0","0","9","68.3","7.6","29.0%"
"86","Quincy Enunwa (FA)","38","68","449","11.8","42","6","1","1","0","0","1","11","67.9","6.2","0.0%"
"87","Randall Cobb (GB)","38","61","383","10.1","75","4","2","0","0","0","1","9","67.4","7.5","11.6%"
"88","Phillip Dorsett II (JAC)","32","42","290","9.1","20","1","3","4","29","0","0","16","65.9","4.1","0.2%"
"89","Demarcus Robinson (KC)","22","33","288","13.1","89","3","4","0","0","0","0","16","63.8","4.0","1.7%"
"90","Dontrelle Inman (FA)","28","39","304","10.9","29","4","3","0","0","0","0","9","62.4","6.9","0.0%"
"91","Aldrick Robinson (FA)","17","35","231","13.6","40","2","5","0","0","0","0","14","61.6","4.4","0.0%"
"92","Jermaine Kearse (FA)","37","76","371","10.0","29","3","1","0","0","0","0","14","61.6","4.4","0.0%"
"93","Tajae Sharpe (ATL)","26","47","316","12.2","28","2","2","1","16","0","0","16","58.2","3.6","0.0%"
"94","Ryan Grant (FA)","35","52","334","9.5","23","3","1","0","0","0","0","14","56.9","4.1","0.0%"
"95","Kelvin Benjamin (NYG)","25","67","380","15.2","40","5","1","0","0","0","0","15","56.5","3.8","0.1%"
"96","Breshad Perriman (DET)","16","25","340","21.3","66","4","2","4","2","0","0","10","54.2","5.4","8.6%"
"97","Laquon Treadwell (JAC)","35","53","302","8.6","22","1","1","0","0","0","0","15","53.7","3.6","0.0%"
"98","Jaron Brown (ARI)","14","19","166","11.9","45","1","5","0","0","0","0","16","53.6","3.4","0.0%"
"99","Zach Pascal (IND)","27","46","268","9.9","28","1","2","2","10","0","0","16","53.3","3.3","0.5%"
"100","Geronimo Allison (DET)","20","30","303","15.2","64","4","2","0","0","0","0","5","52.3","10.5","0.1%"
"101","Jordan Matthews (SF)","20","28","300","15.0","56","3","2","0","0","0","0","14","52.0","3.7","0.0%"
"102","Allen Hurns (MIA)","20","36","295","14.8","49","6","2","0","0","0","0","16","51.5","3.2","0.1%"
"103","Ryan Switzer (CLE)","36","44","253","7.0","24","1","1","6","21","0","0","16","51.4","3.2","0.0%"
"104","DaeSean Hamilton (DEN)","30","46","243","8.1","24","1","2","0","0","0","0","14","51.3","3.7","0.1%"
"105","Jakeem Grant Sr. (MIA)","21","34","268","12.8","52","2","2","1","5","0","0","10","49.8","5.0","0.2%"
"106","Paul Richardson Jr. (FA)","20","35","262","13.1","46","5","2","2","9","0","0","7","49.1","7.0","0.0%"
"107","DeVante Parker (MIA)","24","47","309","12.9","46","3","1","0","0","0","0","11","48.9","4.4","53.3%"
"108","Keke Coutee (HOU)","28","41","287","10.3","40","2","1","3","0","0","0","6","48.7","8.1","0.6%"
"109","Tim Patrick (DEN)","23","41","315","13.7","26","6","1","3","17","0","1","16","48.7","3.0","1.6%"
"110","Pierre Garcon (FA)","24","45","286","11.9","25","5","1","0","0","0","0","8","46.6","5.8","0.0%"
"111","Maurice Harris (FA)","28","47","304","10.9","42","3","0","2","10","0","0","12","45.4","3.8","0.0%"
"112","Terrelle Pryor Sr. (FA)","16","30","252","15.8","44","5","2","1","-1","0","0","8","45.1","5.6","0.0%"
"113","Bruce Ellington (FA)","31","42","224","7.2","23","2","1","1","2","0","0","7","44.1","6.3","0.0%"
"114","Ted Ginn Jr. (FA)","17","30","209","12.3","42","3","2","3","26","0","1","5","44.0","8.8","0.0%"
"115","Equanimeous St. Brown (GB)","21","36","328","15.6","54","5","0","1","5","0","0","12","43.8","3.7","0.2%"
"116","Isaiah McKenzie (BUF)","18","30","179","9.9","23","1","0","10","66","2","1","8","43.5","5.4","0.3%"
"117","Trent Taylor (CIN)","26","40","215","8.3","23","1","1","0","0","0","0","14","42.5","3.0","0.1%"
"118","Torrey Smith (FA)","17","30","190","11.2","35","2","2","0","0","0","0","11","41.5","3.8","0.0%"
"119","TJ Jones (FA)","19","26","190","10.0","26","3","2","0","0","0","0","15","40.5","2.7","0.0%"
"120","Keith Kirkwood (CAR)","13","21","209","16.1","42","4","2","0","0","0","0","8","39.4","4.9","0.0%"
"121","Chris Moore (HOU)","19","25","196","10.3","30","3","1","5","17","0","0","16","36.8","2.3","0.0%"
"122","Trent Sherfield (SF)","19","28","210","11.1","21","1","1","0","0","0","0","13","36.5","2.8","0.0%"
"123","Martavis Bryant (FA)","19","27","266","14.0","47","6","0","3","23","0","1","8","36.4","4.6","0.0%"
"124","Russell Shepard (FA)","10","19","188","18.8","49","4","2","0","0","0","0","12","35.8","3.0","0.0%"
"125","James Washington (PIT)","16","38","217","13.6","47","3","1","0","0","0","0","14","35.7","2.6","1.1%"
"126","Tavon Austin (FA)","8","13","140","17.5","64","2","2","6","55","0","0","7","35.5","5.1","0.0%"
"127","Travis Benjamin (SF)","12","24","186","15.5","46","4","1","7","41","0","0","12","34.7","2.9","0.0%"
"128","Bennie Fowler III (SF)","16","27","199","12.4","26","3","1","0","0","0","0","10","33.9","3.4","0.0%"
"129","Chad Williams (KC)","17","46","171","10.1","22","1","1","1","9","0","0","10","32.5","3.3","0.0%"
"130","Justin Hardy (CHI)","14","22","133","9.5","19","0","2","0","0","0","0","16","32.3","2.0","0.0%"
"131","Brandon LaFell (FA)","12","16","135","11.3","24","1","2","0","0","0","0","6","31.5","5.3","0.0%"
"132","DeAndre Carter (WAS)","22","25","216","9.8","50","2","0","1","7","0","1","14","31.3","2.2","0.0%"
"133","Cody Core (FA)","13","28","160","12.3","30","2","1","0","0","0","0","14","30.5","2.2","0.0%"
"134","Cody Latimer (FA)","11","16","190","17.3","39","4","1","0","0","0","0","6","30.5","5.1","0.0%"
"135","Marcell Ateman (LV)","15","31","154","10.3","32","2","1","0","0","0","0","7","28.9","4.1","0.0%"
"136","Alex Erickson (HOU)","20","29","167","8.4","28","1","0","3","22","0","1","16","26.9","1.7","0.0%"
"137","Josh Bellamy (FA)","14","25","117","8.4","20","1","1","0","0","0","0","16","26.7","1.7","0.0%"
"138","Austin Carr (FA)","9","14","97","10.8","25","1","2","0","0","0","0","14","26.2","1.9","0.0%"
"139","Marvin Hall (NE)","10","19","149","14.9","47","2","1","2","0","0","0","16","25.9","1.6","0.0%"
"140","Brandon Marshall (FA)","11","23","136","12.4","27","2","1","0","0","0","0","7","25.1","3.6","0.1%"
"141","Deonte Thompson (FA)","17","30","161","9.5","15","0","0","0","0","0","0","13","24.6","1.9","0.0%"
"142","Michael Floyd (FA)","10","24","100","10.0","20","1","1","0","0","0","0","13","23.0","1.8","0.0%"
"143","Andre Holmes (FA)","13","24","162","12.5","24","5","0","0","0","0","0","15","22.7","1.5","0.0%"
"144","D.J. Chark Jr. (JAC)","14","32","174","12.4","38","2","0","0","0","0","1","11","22.4","2.0","87.3%"
"145","Richie James Jr. (SF)","9","14","130","14.4","53","2","1","0","0","0","1","13","21.5","1.7","0.3%"
"146","Damion Ratley (DET)","13","20","144","11.1","27","3","0","0","0","0","0","13","20.9","1.6","0.0%"
"147","Jake Kumerow (BUF)","8","11","103","12.9","49","1","1","0","0","0","0","5","20.3","4.1","0.0%"
"148","Cameron Meredith (FA)","9","10","114","12.7","46","2","1","0","0","0","1","6","19.9","3.3","0.0%"
"149","Andy Jones (SF)","11","24","80","7.3","15","0","1","0","0","0","0","8","19.5","2.4","0.0%"
"150","Deontay Burnett (FA)","10","15","143","14.3","29","3","0","0","0","0","0","5","19.3","3.9","0.0%"
"151","Marcus Johnson (TEN)","6","8","102","17.0","34","1","1","1","-2","0","0","5","19.0","3.8","0.0%"
"152","Andre Roberts (HOU)","10","18","79","7.9","20","1","1","2","20","0","1","16","18.9","1.2","0.0%"
"153","Brandon Powell (BUF)","11","17","129","11.7","41","1","0","1","4","0","0","6","18.8","3.1","0.0%"
"154","Trey Quinn (LV)","9","10","75","8.3","15","0","1","1","0","0","0","3","18.0","6.0","0.0%"
"155","Leonte Carroo (FA)","2","4","94","47.0","74","2","1","1","14","0","0","9","17.8","2.0","0.0%"
"156","Vyncint Smith (NYJ)","5","10","91","18.2","35","2","1","0","0","0","0","7","17.6","2.5","0.0%"
"157","Darius Jennings (FA)","11","15","101","9.2","36","1","0","1","2","0","0","16","16.6","1.0","0.0%"
"158","Eli Rogers (FA)","12","14","79","6.6","17","0","0","1","-4","0","0","3","15.5","5.2","0.0%"
"159","Brice Butler (FA)","6","10","60","10.0","23","1","1","0","0","0","0","8","15.0","1.9","0.0%"
"160","Tommylee Lewis (NO)","3","3","60","20.0","28","2","1","2","10","0","1","7","12.5","1.8","0.0%"
"161","Cameron Batson (TEN)","8","11","82","10.3","26","1","0","1","1","0","0","11","12.3","1.1","0.2%"
"162","Kevin White (SF)","4","8","92","23.0","54","2","0","0","0","0","0","9","11.2","1.2","0.0%"
"163","De'Anthony Thomas (FA)","3","5","29","9.7","15","0","1","1","6","0","0","5","11.0","2.2","0.0%"
"164","Corey Coleman (NYG)","5","8","71","14.2","30","1","0","1","5","0","0","8","10.1","1.3","0.0%"
"165","J.J. Nelson (IND)","7","19","64","9.1","17","0","0","4","0","0","0","14","9.9","0.7","0.0%"
"166","Russell Gage (ATL)","6","10","63","10.5","22","1","0","0","0","0","0","15","9.3","0.6","25.6%"
"167","Kamar Aiken (FA)","6","7","53","8.8","18","0","0","0","0","0","0","5","8.3","1.7","0.0%"
"168","Dwayne Harris (FA)","6","6","40","6.7","13","0","0","2","12","0","0","15","8.2","0.5","0.0%"
"169","Noah Brown (DAL)","5","8","54","10.8","22","1","0","0","0","0","0","8","7.9","1.0","0.1%"
"170","Derrick Willies (CLE)","3","5","61","20.3","39","1","0","0","0","0","0","5","7.6","1.5","0.0%"
"171","Bobo Wilson (FA)","4","5","52","13.0","25","1","0","0","0","0","0","5","7.2","1.4","0.1%"
"172","Rashad Greene (FA)","6","8","60","10.0","12","0","0","0","0","0","1","8","7.0","0.9","0.0%"
"173","Jawill Davis (FA)","4","8","40","10.0","22","1","0","0","0","0","0","7","6.0","0.9","0.0%"
"174","Chad Beebe (MIN)","4","4","39","9.8","18","0","0","0","0","0","0","3","5.9","2.0","0.2%"
"175","Auden Tate (CIN)","4","12","35","8.8","15","0","0","0","0","0","0","7","5.5","0.8","0.3%"
"176","Shelton Gibson (CAR)","1","3","48","48.0","48","1","0","0","0","0","0","15","5.3","0.4","0.0%"
"177","Javon Wims (CHI)","4","5","32","8.0","16","0","0","0","0","0","0","4","5.2","1.3","0.1%"
"178","Jalen Tolliver (FA)","3","6","37","12.3","15","0","0","0","0","0","0","3","5.2","1.7","0.0%"
"179","Rishard Matthews (FA)","5","9","24","4.8","7","0","0","0","0","0","0","8","4.9","0.6","0.0%"
"180","Ray-Ray McCloud (PIT)","5","6","36","7.2","16","0","0","2","4","0","1","10","4.5","0.5","0.2%"
"181","Justin Hunter (FA)","3","13","21","7.0","12","0","0","0","0","0","0","5","3.6","0.7","0.0%"
"182","Charone Peake (FA)","2","3","25","12.5","14","0","0","0","0","0","0","13","3.5","0.3","0.0%"
"183","Brian Quick (FA)","3","3","18","6.0","6","0","0","0","0","0","0","6","3.3","0.6","0.0%"
"184","Malik Turner (DAL)","2","3","20","10.0","19","0","0","0","0","0","0","6","3.0","0.5","0.0%"
"185","River Cracraft (SF)","1","2","44","44.0","44","1","0","0","0","0","1","8","2.9","0.4","0.0%"
"186","Terrance Williams (FA)","2","3","18","9.0","12","0","0","0","0","0","0","3","2.8","0.9","0.0%"
"187","Brandon Zylstra (CAR)","1","2","23","23.0","23","1","0","0","0","0","0","16","2.8","0.2","0.0%"
"188","Gehrig Dieter (KC)","1","3","22","22.0","22","1","0","0","0","0","0","4","2.7","0.7","0.0%"
"189","Nick Williams (FA)","2","5","17","8.5","11","0","0","0","0","0","0","4","2.7","0.7","0.0%"
"190","KhaDarel Hodge (CLE)","2","3","17","8.5","14","0","0","0","0","0","0","14","2.7","0.2","0.1%"
"191","Tim White (FA)","1","1","14","14.0","14","0","0","0","0","0","0","3","1.9","0.6","0.0%"
"192","Sammie Coates (FA)","1","2","12","12.0","12","0","0","0","0","0","0","12","1.7","0.1","0.0%"
"193","Jeremy Kerley (FA)","2","4","7","3.5","4","0","0","0","0","0","0","1","1.7","1.7","0.0%"
"194","Josh Malone (NYJ)","1","5","12","12.0","12","0","0","0","0","0","0","9","1.7","0.2","0.0%"
"195","Justin Hardee (NYJ)","1","1","10","10.0","10","0","0","0","0","0","0","16","1.5","0.1","0.2%"
"196","Victor Bolden Jr. (DET)","1","4","10","10.0","10","0","0","0","0","0","0","6","1.5","0.3","0.0%"
"197","Cam Phillips (FA)","1","1","9","9.0","9","0","0","0","0","0","0","2","1.4","0.7","0.0%"
"198","Damiere Byrd (CHI)","1","2","8","8.0","8","0","0","0","0","0","0","8","1.3","0.2","0.2%"
"199","Keon Hatcher (FA)","1","2","8","8.0","8","0","0","0","0","0","0","3","1.3","0.4","0.0%"
"200","Darvin Kidsy (SEA)","1","2","8","8.0","8","0","0","0","0","0","0","2","1.3","0.7","0.0%"
"201","Marcus Kemp (KC)","1","2","7","7.0","7","0","0","0","0","0","0","16","1.2","0.1","0.0%"
"202","Allen Lazard (GB)","1","1","7","7.0","7","0","0","0","0","0","0","1","1.2","1.2","12.6%"
"203","Justin Watson (TB)","1","3","5","5.0","5","0","0","0","0","0","0","12","1.0","0.1","0.1%"
"204","Jehu Chesson (FA)","1","2","7","7.0","7","0","0","1","-4","0","0","12","0.8","0.1","0.0%"
"205","Darrius Heyward-Bey (FA)","1","2","9","9.0","9","0","0","1","-7","0","0","14","0.7","0.1","0.0%"
"206","J'Mon Moore (ATL)","2","3","15","7.5","10","0","0","0","0","0","1","12","0.5","0.0","0.0%"
"207","D.J. Montgomery (NYJ)","0","0","0","0","0","0","0","0","0","0","0","0","0","0",""
"208","Ja'Marcus Bradley (CLE)","0","0","0","0","0","0","0","0","0","0","0","0","0","0","0.0%"
"209","Austin Mack (NYG)","0","0","0","0","0","0","0","0","0","0","0","0","0","0","0.0%"
"210","Darrius Shepherd (KC)","0","0","0","0","0","0","0","0","0","0","0","0","0","0","0.0%"
"211","Kristian Wilkerson (NE)","0","0","0","0","0","0","0","0","0","0","0","0","0","0","0.0%"
"212","Trishton Jackson (LAR)","0","0","0","0","0","0","0","0","0","0","0","0","0","0","0.0%"
"213","Tyler Simmons (PIT)","0","0","0","0","0","0","0","0","0","0","0","0","0","0",""
"214","Damion Willis (NYG)","0","0","0","0","0","0","0","0","0","0","0","0","0","0","0.0%"
"215","Tom Kennedy (DET)","0","0","0","0","0","0","0","0","0","0","0","0","0","0","0.0%"
"216","Kendall Hinton (DEN)","0","0","0","0","0","0","0","0","0","0","0","0","0","0","0.0%"
"217","Ventell Bryant (CAR)","0","0","0","0","0","0","0","0","0","0","0","0","0","0","0.0%"
"218","Thomas Ives (CHI)","0","0","0","0","0","0","0","0","0","0","0","0","0","0",""
"219","Tyrie Cleveland (DEN)","0","0","0","0","0","0","0","0","0","0","0","0","0","0","0.0%"
"220","Steven Sims Jr. (WAS)","0","0","0","0","0","0","0","0","0","0","0","0","0","0","0.2%"
"221","Olamide Zaccheaus (ATL)","0","0","0","0","0","0","0","0","0","0","0","0","0","0","0.8%"
"222","K.J. Osborn (MIN)","0","0","0","0","0","0","0","0","0","0","0","0","0","0","0.1%"
"223","Malik Henry (NO)","0","0","0","0","0","0","0","0","0","0","0","0","0","0",""
"224","Deonte Harris (NO)","0","0","0","0","0","0","0","0","0","0","0","0","0","0","1.3%"
"225","Aaron Parker (DAL)","0","0","0","0","0","0","0","0","0","0","0","0","0","0",""
"226","Quez Watkins (PHI)","0","0","0","0","0","0","0","0","0","0","0","0","0","0","0.1%"
"227","Malik Taylor (GB)","0","0","0","0","0","0","0","0","0","0","0","0","0","0","0.0%"
"228","Kabion Ento (GB)","0","0","0","0","0","0","0","0","0","0","0","0","0","0",""
"229","Jalen McCleskey (NO)","0","0","0","0","0","0","0","0","0","0","0","0","0","0",""
"230","Joe Fortson (KC)","0","0","0","0","0","0","0","0","0","0","0","0","0","0",""
"231","Juwan Green (ATL)","0","0","0","0","0","0","0","0","0","0","0","0","0","0",""
"232","Josh Pearson (TB)","0","0","0","0","0","0","0","0","0","0","0","0","0","0",""
"233","Lawrence Cager (NYJ)","0","0","0","0","0","0","0","0","0","0","0","0","0","0","0.0%"
"234","Derrick Dillon (NYG)","0","0","0","0","0","0","0","0","0","0","0","0","0","0",""
"235","Mason Kinsey (TEN)","0","0","0","0","0","0","0","0","0","0","0","0","0","0",""
"236","Manasseh Bailey (NYJ)","0","0","0","0","0","0","0","0","0","0","0","0","0","0",""
"237","Freddie Swain (SEA)","0","0","0","0","0","0","0","0","0","0","0","0","0","0","0.2%"
"238","Rysen John (NYG)","0","0","0","0","0","0","0","0","0","0","0","0","0","0",""
"239","Jalen Guyton (LAC)","0","0","0","0","0","0","0","0","0","0","0","0","0","0","0.6%"
"240","Alex Bachman (NYG)","0","0","0","0","0","0","0","0","0","0","0","0","0","0","0.0%"
"241","Jason Moore (LAC)","0","0","0","0","0","0","0","0","0","0","0","0","0","0","0.0%"
"242","Travis Jonsen (TB)","0","0","0","0","0","0","0","0","0","0","0","0","0","0",""
"243","Nsimba Webster (SF)","0","0","0","0","0","0","0","0","0","0","0","0","0","0","0.0%"
"244","John Hurst (LAC)","0","0","0","0","0","0","0","0","0","0","0","0","0","0",""
"245","Kirk Merritt (MIA)","0","0","0","0","0","0","0","0","0","0","0","0","0","0","0.0%"
"246","Aaron Fuller (SEA)","0","0","0","0","0","0","0","0","0","0","0","0","0","0",""
"247","Donovan Peoples-Jones (CLE)","0","0","0","0","0","0","0","0","0","0","0","0","0","0","0.6%"
"248","Easop Winston Jr. (NO)","0","0","0","0","0","0","0","0","0","0","0","0","0","0",""
"249","Michael Pittman Jr. (IND)","0","0","0","0","0","0","0","0","0","0","0","0","0","0","45.1%"
"250","Devin Duvernay (BAL)","0","0","0","0","0","0","0","0","0","0","0","0","0","0","0.7%"
"251","KJ Hamler (DEN)","0","0","0","0","0","0","0","0","0","0","0","0","0","0","2.1%"
"252","Brandon Aiyuk (SF)","0","0","0","0","0","0","0","0","0","0","0","0","0","0","90.6%"
"253","John Hightower (PHI)","0","0","0","0","0","0","0","0","0","0","0","0","0","0","0.1%"
"254","Justin Jefferson (MIN)","0","0","0","0","0","0","0","0","0","0","0","0","0","0","99.7%"
"255","DeVonta Smith (PHI)","0","0","0","0","0","0","0","0","0","0","0","0","0","0","85.3%"
"256","Laviska Shenault Jr. (JAC)","0","0","0","0","0","0","0","0","0","0","0","0","0","0","84.1%"
"257","Jalen Reagor (PHI)","0","0","0","0","0","0","0","0","0","0","0","0","0","0","56.5%"
"258","Tee Higgins (CIN)","0","0","0","0","0","0","0","0","0","0","0","0","0","0","90.0%"
"259","Henry Ruggs III (LV)","0","0","0","0","0","0","0","0","0","0","0","0","0","0","66.0%"
"260","CeeDee Lamb (DAL)","0","0","0","0","0","0","0","0","0","0","0","0","0","0","97.5%"
"261","Cody White (PIT)","0","0","0","0","0","0","0","0","0","0","0","0","0","0",""
"262","Van Jefferson (LAR)","0","0","0","0","0","0","0","0","0","0","0","0","0","0","2.3%"
"263","Marquez Callaway (NO)","0","0","0","0","0","0","0","0","0","0","0","0","0","0","0.9%"
"264","Joe Reed (LAC)","0","0","0","0","0","0","0","0","0","0","0","0","0","0","0.1%"
"265","Malcolm Perry (MIA)","0","0","0","0","0","0","0","0","0","0","0","0","0","0","0.0%"
"266","Nick Westbrook-Ikhine (TEN)","0","0","0","0","0","0","0","0","0","0","0","0","0","0","0.1%"
"267","Kalija Lipscomb (TEN)","0","0","0","0","0","0","0","0","0","0","0","0","0","0",""
"268","K.J. Hill Jr. (LAC)","0","0","0","0","0","0","0","0","0","0","0","0","0","0","0.1%"
"269","Gabriel Davis (BUF)","0","0","0","0","0","0","0","0","0","0","0","0","0","0","6.4%"
"270","Quintez Cephus (DET)","0","0","0","0","0","0","0","0","0","0","0","0","0","0","1.4%"
"271","Isaiah Hodgins (BUF)","0","0","0","0","0","0","0","0","0","0","0","0","0","0","0.1%"
"272","James Proche (BAL)","0","0","0","0","0","0","0","0","0","0","0","0","0","0","0.1%"
"273","Denzel Mims (NYJ)","0","0","0","0","0","0","0","0","0","0","0","0","0","0","3.5%"
"274","Antonio Gandy-Golden (WAS)","0","0","0","0","0","0","0","0","0","0","0","0","0","0","0.3%"
"275","Jerry Jeudy (DEN)","0","0","0","0","0","0","0","0","0","0","0","0","0","0","85.8%"
"276","Isaiah Coulter (HOU)","0","0","0","0","0","0","0","0","0","0","0","0","0","0","0.1%"
"277","Omar Bayless (CAR)","0","0","0","0","0","0","0","0","0","0","0","0","0","0","0.0%"
"278","Dezmon Patmon (IND)","0","0","0","0","0","0","0","0","0","0","0","0","0","0","0.0%"
"279","Binjimen Victor (BAL)","0","0","0","0","0","0","0","0","0","0","0","0","0","0",""
"280","Gunner Olszewski (NE)","0","0","0","0","0","0","0","0","0","0","0","0","0","0","0.1%"
"281","Darnell Mooney (CHI)","0","0","0","0","0","0","0","0","0","0","0","0","0","0","45.1%"
"282","Isaiah Zuber (NE)","0","0","0","0","0","0","0","0","0","0","0","0","0","0","0.0%"
"283","Scotty Washington (CIN)","0","0","0","0","0","0","0","0","0","0","0","0","0","0",""
"284","Stephen Sullivan (CAR)","0","0","0","0","0","0","0","0","0","0","0","0","0","0","0.0%"
"285","Jaylon Moore (BAL)","0","0","0","0","0","0","0","0","0","0","0","0","0","0",""
"286","Isaiah Wright (WAS)","0","0","0","0","0","0","0","0","0","0","0","0","0","0","0.0%"
"287","Ja'Marr Chase (CIN)","0","0","0","0","0","0","0","0","0","0","0","0","0","0","92.1%"
"288","Tarik Black (IND)","0","0","0","0","0","0","0","0","0","0","0","0","0","0",""
"289","Tyler Vaughns (IND)","0","0","0","0","0","0","0","0","0","0","0","0","0","0",""
"290","Reggie Begelton (GB)","0","0","0","0","0","0","0","0","0","0","0","0","0","0","0.0%"
"291","Jaylen Waddle (MIA)","0","0","0","0","0","0","0","0","0","0","0","0","0","0","79.1%"
"292","Chris Finke (KC)","0","0","0","0","0","0","0","0","0","0","0","0","0","0",""
"293","Rondale Moore (ARI)","0","0","0","0","0","0","0","0","0","0","0","0","0","0","6.3%"
"294","Tylan Wallace (BAL)","0","0","0","0","0","0","0","0","0","0","0","0","0","0","0.6%"
"295","Quartney Davis (IND)","0","0","0","0","0","0","0","0","0","0","0","0","0","0",""
"296","Juwan Johnson (NO)","0","0","0","0","0","0","0","0","0","0","0","0","0","0","0.1%"
"297","Lynn Bowden Jr. (MIA)","0","0","0","0","0","0","0","0","0","0","0","0","0","0","0.7%"
"298","Amon-Ra St. Brown (DET)","0","0","0","0","0","0","0","0","0","0","0","0","0","0","5.6%"
"299","Jauan Jennings (SF)","0","0","0","0","0","0","0","0","0","0","0","0","0","0","0.0%"
"300","Rashod Bateman (BAL)","0","0","0","0","0","0","0","0","0","0","0","0","0","0","19.4%"
"301","DeAndre Thompkins (GB)","0","0","0","0","0","0","0","0","0","0","0","0","0","0",""
"302","Steven Mitchell Jr. (FA)","0","0","0","0","0","0","0","0","0","0","0","1","0.0","0.0","0.0%"
"303","Steven Dunbar Jr. (FA)","0","0","0","0","0","0","0","0","0","0","0","1","0.0","0.0",""
"304","Devin Gray (BAL)","0","0","0","0","0","0","0","0","0","0","0","0","0","0",""
"305","Christian Blake (ATL)","0","0","0","0","0","0","0","0","0","0","0","0","0","0","0.1%"
"306","Jordan Veasy (HOU)","0","0","0","0","0","0","0","0","0","0","0","0","0","0",""
"307","Byron Pringle (KC)","0","0","0","0","0","0","0","0","0","0","0","0","0","0","1.2%"
"308","Rico Gafford (ARI)","0","0","0","0","0","0","0","0","0","0","0","1","0.0","0.0","0.0%"
"309","Janarion Grant (FA)","0","0","0","0","0","0","0","0","0","0","0","2","0.0","0.0","0.0%"
"310","Caleb Scott (LV)","0","0","0","0","0","0","0","0","0","0","0","0","0","0",""
"311","Devin Ross (NE)","0","0","0","0","0","0","0","0","0","0","0","0","0","0",""
"312","Cam Sims (WAS)","0","0","0","0","0","0","0","0","0","0","0","1","0.0","0.0","0.2%"
"313","De'Mornay Pierson-El (DEN)","0","0","0","0","0","0","0","0","0","0","0","0","0","0",""
"314","Saeed Blacknall (FA)","0","0","0","0","0","0","0","0","0","0","0","1","0.0","0.0",""
"315","De'Quan Hampton (TB)","0","0","0","0","0","0","0","0","0","0","0","0","0","0",""
"316","Fred Brown (TEN)","0","0","0","0","0","0","0","0","0","0","0","0","0","0","0.0%"
"317","Lance Lenoir Jr. (BUF)","0","0","0","0","0","0","0","0","0","0","0","7","0.0","0.0","0.0%"
"318","Greg Ward (PHI)","0","0","0","0","0","0","0","0","0","0","0","0","0","0","0.5%"
"319","Da'Mari Scott (FA)","0","0","0","0","0","0","0","0","0","0","0","3","0.0","0.0","0.0%"
"320","Chris Lacy (CHI)","0","1","0","0","0","0","0","0","0","0","0","1","0.0","0.0","0.0%"
"321","Jeff Badet (ATL)","0","0","0","0","0","0","0","0","0","0","0","0","0","0","0.0%"
"322","Dylan Cantrell (WAS)","0","0","0","0","0","0","0","0","0","0","0","0","0","0","0.0%"
"323","Austin Proehl (LAC)","0","0","0","0","0","0","0","0","0","0","0","0","0","0","0.0%"
"324","Daurice Fountain (KC)","0","0","0","0","0","0","0","0","0","0","0","1","0.0","0.0","0.0%"
"325","Quadree Henderson (FA)","0","0","0","0","0","0","0","0","0","0","0","5","0.0","0.0","0.0%"
"326","Braxton Berrios (NYJ)","0","0","0","0","0","0","0","0","0","0","0","0","0","0","0.1%"
"327","Jester Weah (CHI)","0","0","0","0","0","0","0","0","0","0","0","0","0","0","0.0%"
"328","Deon Cain (BAL)","0","0","0","0","0","0","0","0","0","0","0","0","0","0","0.0%"
"329","Cedrick Wilson (DAL)","0","0","0","0","0","0","0","0","0","0","0","0","0","0","0.1%"
"330","Jakobi Meyers (NE)","0","0","0","0","0","0","0","0","0","0","0","0","0","0","11.9%"
"331","Bryan Edwards (LV)","0","0","0","0","0","0","0","0","0","0","0","0","0","0","1.4%"
"332","Tyler Johnson (TB)","0","0","0","0","0","0","0","0","0","0","0","0","0","0","0.6%"
"333","Chase Claypool (PIT)","0","0","0","0","0","0","0","0","0","0","0","0","0","0","91.1%"
"334","Stanley Morgan Jr. (CIN)","0","0","0","0","0","0","0","0","0","0","0","0","0","0","0.0%"
"335","KeeSean Johnson (ARI)","0","0","0","0","0","0","0","0","0","0","0","0","0","0","0.1%"
"336","Diontae Johnson (PIT)","0","0","0","0","0","0","0","0","0","0","0","0","0","0","94.6%"
"337","Preston Williams (MIA)","0","0","0","0","0","0","0","0","0","0","0","0","0","0","1.0%"
"338","Antoine Wesley (ARI)","0","0","0","0","0","0","0","0","0","0","0","0","0","0","0.0%"
"339","Lil'Jordan Humphrey (NO)","0","0","0","0","0","0","0","0","0","0","0","0","0","0","0.1%"
"340","Ashton Dulin (IND)","0","0","0","0","0","0","0","0","0","0","0","0","0","0","0.0%"
"341","Mecole Hardman (KC)","0","0","0","0","0","0","0","0","0","0","0","0","0","0","49.4%"
"342","Greg Dortch (ARI)","0","0","0","0","0","0","0","0","0","0","0","0","0","0","0.0%"
"343","David Sills V (NYG)","0","0","0","0","0","0","0","0","0","0","0","0","0","0",""
"344","Gary Jennings Jr. (IND)","0","0","0","0","0","0","0","0","0","0","0","0","0","0","0.0%"
"345","Keelan Doss (LV)","0","0","0","0","0","0","0","0","0","0","0","0","0","0","0.0%"
"346","Cody Thompson (SEA)","0","0","0","0","0","0","0","0","0","0","0","0","0","0",""
"347","Jon'Vea Johnson (CHI)","0","0","0","0","0","0","0","0","0","0","0","0","0","0",""
"348","Miles Boykin (BAL)","0","0","0","0","0","0","0","0","0","0","0","0","0","0","0.3%"
"349","Davion Davis (CLE)","0","0","0","0","0","0","0","0","0","0","0","0","0","0","0.0%"
"350","Stephen Carlson (CLE)","0","0","0","0","0","0","0","0","0","0","0","0","0","0","0.0%"
"351","Trinity Benson (DEN)","0","0","0","0","0","0","0","0","0","0","0","0","0","0",""
"352","Tyron Johnson (LAC)","0","0","0","0","0","0","0","0","0","0","0","0","0","0","0.3%"
"353","Jeff Smith (NYJ)","0","0","0","0","0","0","0","0","0","0","0","0","0","0","0.0%"
"354","Penny Hart (SEA)","0","0","0","0","0","0","0","0","0","0","0","0","0","0","0.1%"
"355","Michael Walker (PHI)","0","0","0","0","0","0","0","0","0","0","0","0","0","0","0.0%"
"356","Trenton Irwin (CIN)","0","0","0","0","0","0","0","0","0","0","0","0","0","0","0.0%"
"357","John Ursua (SEA)","0","0","0","0","0","0","0","0","0","0","0","0","0","0","0.0%"
"358","Scotty Miller (TB)","0","0","0","0","0","0","0","0","0","0","0","0","0","0","0.9%"
"359","Bisi Johnson (MIN)","0","0","0","0","0","0","0","0","0","0","0","0","0","0","0.1%"
"360","Darius Slayton (NYG)","0","0","0","0","0","0","0","0","0","0","0","0","0","0","3.1%"
"361","Quinton Bell (TB)","0","0","0","0","0","0","0","0","0","0","0","0","0","0","0.0%"
"362","Juwann Winfree (GB)","0","0","0","0","0","0","0","0","0","0","0","0","0","0","0.0%"
"363","Ishmael Hyman (CAR)","0","0","0","0","0","0","0","0","0","0","0","0","0","0","0.0%"
"364","Shaq Roland (CHI)","0","0","0","0","0","0","0","0","0","0","0","0","0","0",""
"365","Anthony Johnson (PIT)","0","0","0","0","0","0","0","0","0","0","0","0","0","0","0.0%"
"366","Deebo Samuel (SF)","0","0","0","0","0","0","0","0","0","0","0","0","0","0","86.1%"
"367","J.J. Arcega-Whiteside (PHI)","0","0","0","0","0","0","0","0","0","0","0","0","0","0","0.2%"
"368","Hakeem Butler (PHI)","0","0","0","0","0","0","0","0","0","0","0","0","0","0","0.1%"
"369","Kelvin Harmon (WAS)","0","0","0","0","0","0","0","0","0","0","0","0","0","0","0.1%"
"370","Marquise Brown (BAL)","0","0","0","0","0","0","0","0","0","0","0","0","0","0","78.1%"
"371","N'Keal Harry (NE)","0","0","0","0","0","0","0","0","0","0","0","0","0","0","1.0%"
"372","D.K. Metcalf (SEA)","0","0","0","0","0","0","0","0","0","0","0","0","0","0","99.8%"
"373","A.J. Brown (TEN)","0","0","0","0","0","0","0","0","0","0","0","0","0","0","99.6%"
"374","Collin Johnson (JAC)","0","0","0","0","0","0","0","0","0","0","0","0","0","0","0.3%"
"375","Riley Ridley (CHI)","0","0","0","0","0","0","0","0","0","0","0","0","0","0","0.1%"
"376","Travis Fulgham (PHI)","0","0","0","0","0","0","0","0","0","0","0","0","0","0","0.8%"
"377","Terry McLaurin (WAS)","0","0","0","0","0","0","0","0","0","0","0","0","0","0","99.2%"
"378","Johnnie Dixon (DAL)","0","0","0","0","0","0","0","0","0","0","0","0","0","0",""
"379","Parris Campbell (IND)","0","0","0","0","0","0","0","0","0","0","0","0","0","0","23.2%"
"380","Andy Isabella (ARI)","0","0","0","0","0","0","0","0","0","0","0","0","0","0","0.3%"
"381","Terry Godwin (JAC)","0","0","0","0","0","0","0","0","0","0","0","0","0","0","0.0%"
"382","Alexander Hollins (CLE)","0","0","0","0","0","0","0","0","0","0","0","0","0","0","0.0%"
"383","Hunter Renfrow (LV)","0","0","0","0","0","0","0","0","0","0","0","0","0","0","1.6%"
"384","A.J. Richardson (ARI)","0","0","0","0","0","0","0","0","0","0","0","0","0","0",""
"385","Jalen Hurd (SF)","0","0","0","0","0","0","0","0","0","0","0","0","0","0","0.4%"
"386","Chris Rowland (ATL)","0","0","0","0","0","0","0","0","0","0","0","0","0","0","0.0%"
"387","Tutu Atwell (LAR)","0","0","0","0","0","0","0","0","0","0","0","0","0","0","1.9%"
"388","Dax Milne (WAS)","0","0","0","0","0","0","0","0","0","0","0","0","0","0","0.0%"
"389","Austin Watkins Jr. (SF)","0","0","0","0","0","0","0","0","0","0","0","0","0","0",""
"390","Jaelon Darden (TB)","0","0","0","0","0","0","0","0","0","0","0","0","0","0","0.3%"
"391","D'Wayne Eskridge (SEA)","0","0","0","0","0","0","0","0","0","0","0","0","0","0","2.2%"
"392","Chris Blair (GB)","0","0","0","0","0","0","0","0","0","0","0","0","0","0",""
"393","Cornell Powell (KC)","0","0","0","0","0","0","0","0","0","0","0","0","0","0","0.6%"
"394","Cade Johnson (SEA)","0","0","0","0","0","0","0","0","0","0","0","0","0","0",""
"395","Damon Hazelton (HOU)","0","0","0","0","0","0","0","0","0","0","0","0","0","0",""
"396","Frank Darby (ATL)","0","0","0","0","0","0","0","0","0","0","0","0","0","0","0.2%"
"397","Warren Jackson (DEN)","0","0","0","0","0","0","0","0","0","0","0","0","0","0",""
"398","Josh Palmer (LAC)","0","0","0","0","0","0","0","0","0","0","0","0","0","0","1.8%"
"399","Ben Skowronek (LAR)","0","0","0","0","0","0","0","0","0","0","0","0","0","0","0.0%"
"400","Antonio Nunn (ATL)","0","0","0","0","0","0","0","0","0","0","0","0","0","0",""
"401","Jacob Harris (LAR)","0","0","0","0","0","0","0","0","0","0","0","0","0","0","0.3%"
"402","Terrace Marshall Jr. (CAR)","0","0","0","0","0","0","0","0","0","0","0","0","0","0","6.4%"
"403","Darece Roberson Jr. (SEA)","0","0","0","0","0","0","0","0","0","0","0","0","0","0",""
"404","Mathew Sexton (PIT)","0","0","0","0","0","0","0","0","0","0","0","0","0","0",""
"405","Micah Simon (CAR)","0","0","0","0","0","0","0","0","0","0","0","0","0","0",""
"406","Simi Fehoko (DAL)","0","0","0","0","0","0","0","0","0","0","0","0","0","0","0.2%"
"407","Kai Locksley (MIA)","0","0","0","0","0","0","0","0","0","0","0","0","0","0",""
"408","Racey McMath (TEN)","0","0","0","0","0","0","0","0","0","0","0","0","0","0","0.0%"
"409","Austin Trammell (ATL)","0","0","0","0","0","0","0","0","0","0","0","0","0","0",""
"410","Jalen Camp (JAC)","0","0","0","0","0","0","0","0","0","0","0","0","0","0","0.1%"
"411","T.J. Simmons (TB)","0","0","0","0","0","0","0","0","0","0","0","0","0","0",""
"412","Travis Toivonen (SEA)","0","0","0","0","0","0","0","0","0","0","0","0","0","0",""
"413","C.J. Saunders (CAR)","0","0","0","0","0","0","0","0","0","0","0","0","0","0",""
"414","Khalil McClain (CHI)","0","0","0","0","0","0","0","0","0","0","0","0","0","0",""
"415","Donte Sylencieux (BAL)","0","0","0","0","0","0","0","0","0","0","0","0","0","0",""
"416","Branden Mack (DEN)","0","0","0","0","0","0","0","0","0","0","0","0","0","0",""
"417","DeVontres Dukes (DEN)","0","0","0","0","0","0","0","0","0","0","0","0","0","0",""
"418","Tim Jones (JAC)","0","0","0","0","0","0","0","0","0","0","0","0","0","0",""
"419","Dillon Stoner (LV)","0","0","0","0","0","0","0","0","0","0","0","0","0","0",""
"420","DJ Turner (LV)","0","0","0","0","0","0","0","0","0","0","0","0","0","0",""
"421","Riley Lees (CIN)","0","0","0","0","0","0","0","0","0","0","0","0","0","0",""
"422","Connor Wedington (SEA)","0","0","0","0","0","0","0","0","0","0","0","0","0","0",""
"423","Tre Nixon (NE)","0","0","0","0","0","0","0","0","0","0","0","0","0","0","0.0%"
"424","Jhamon Ausbon (PHI)","0","0","0","0","0","0","0","0","0","0","0","0","0","0",""
"425","Mike Strachan (IND)","0","0","0","0","0","0","0","0","0","0","0","0","0","0","0.0%"
"426","Landen Akers (LAR)","0","0","0","0","0","0","0","0","0","0","0","0","0","0",""
"427","Blake Proehl (MIN)","0","0","0","0","0","0","0","0","0","0","0","0","0","0",""
"428","Myron Mitchell (MIN)","0","0","0","0","0","0","0","0","0","0","0","0","0","0",""
"429","Jeremiah Haydel (LAR)","0","0","0","0","0","0","0","0","0","0","0","0","0","0",""
"430","Brandon Smith (DAL)","0","0","0","0","0","0","0","0","0","0","0","0","0","0",""
"431","Rico Bussey (PIT)","0","0","0","0","0","0","0","0","0","0","0","0","0","0",""
"432","Bailey Gaither (GB)","0","0","0","0","0","0","0","0","0","0","0","0","0","0",""
"433","Isaiah McKoy (PIT)","0","0","0","0","0","0","0","0","0","0","0","0","0","0",""
"434","Javon McKinley (DET)","0","0","0","0","0","0","0","0","0","0","0","0","0","0",""
"435","Osirus Mitchell (DAL)","0","0","0","0","0","0","0","0","0","0","0","0","0","0",""
"436","Kawaan Baker (NO)","0","0","0","0","0","0","0","0","0","0","0","0","0","0","0.1%"
"437","Jeff Cotton (JAC)","0","0","0","0","0","0","0","0","0","0","0","0","0","0",""
"438","Elijah Moore (NYJ)","0","0","0","0","0","0","0","0","0","0","0","0","0","0","22.1%"
"439","Dyami Brown (WAS)","0","0","0","0","0","0","0","0","0","0","0","0","0","0","1.5%"
"440","Dez Fitzpatrick (TEN)","0","0","0","0","0","0","0","0","0","0","0","0","0","0","0.6%"
"441","Whop Philyor (MIN)","0","0","0","0","0","0","0","0","0","0","0","0","0","0",""
"442","Demetric Felton (CLE)","0","0","0","0","0","0","0","0","0","0","0","0","0","0","0.2%"
"443","Dan Chisena (MIN)","0","0","0","0","0","0","0","0","0","0","0","0","0","0","0.0%"
"444","Andre Baccellia (ARI)","0","0","0","0","0","0","0","0","0","0","0","0","0","0",""
"445","Maurice Ffrench (KC)","0","0","0","0","0","0","0","0","0","0","0","0","0","0",""
"446","Dalton Schoen (KC)","0","0","0","0","0","0","0","0","0","0","0","0","0","0",""
"447","T.J. Vasher (DAL)","0","0","0","0","0","0","0","0","0","0","0","0","0","0",""
"448","J.J. Koski (LAR)","0","0","0","0","0","0","0","0","0","0","0","0","0","0",""
"449","Siaosi Mariner (LV)","0","0","0","0","0","0","0","0","0","0","0","0","0","0",""
"450","Josh Hammond (JAC)","0","0","0","0","0","0","0","0","0","0","0","0","0","0",""
"451","DeMichael Harris (IND)","0","0","0","0","0","0","0","0","0","0","0","0","0","0","0.0%"
"452","Matt Cole (NYJ)","0","0","0","0","0","0","0","0","0","0","0","0","0","0","0.0%"
"453","JoJo Ward (ARI)","0","0","0","0","0","0","0","0","0","0","0","0","0","0",""
"454","Ihmir Smith-Marsette (MIN)","0","0","0","0","0","0","0","0","0","0","0","0","0","0","0.3%"
"455","Seth Williams (DEN)","0","0","0","0","0","0","0","0","0","0","0","0","0","0","0.2%"
"456","Brennan Eagles (DAL)","0","0","0","0","0","0","0","0","0","0","0","0","0","0",""
"457","Kadarius Toney (NYG)","0","0","0","0","0","0","0","0","0","0","0","0","0","0","14.7%"
"458","Marquez Stevenson (BUF)","0","0","0","0","0","0","0","0","0","0","0","0","0","0","0.1%"
"459","Amari Rodgers (GB)","0","0","0","0","0","0","0","0","0","0","0","0","0","0","2.3%"
"460","Nico Collins (HOU)","0","0","0","0","0","0","0","0","0","0","0","0","0","0","2.5%"
"461","Josh Imatorbhebhe (JAC)","0","0","0","0","0","0","0","0","0","0","0","0","0","0",""
"462","Shi Smith (CAR)","0","0","0","0","0","0","0","0","0","0","0","0","0","0","0.2%"
"463","Cyril Grayson Jr. (TB)","0","0","0","0","0","0","0","0","0","0","0","0","0","0","0.0%"
"464","Anthony Schwartz (CLE)","0","0","0","0","0","0","0","0","0","0","0","0","0","0","0.6%"
"465","Dazz Newsome (CHI)","0","0","0","0","0","0","0","0","0","0","0","0","0","0","0.3%"
"466","Sage Surratt (DET)","0","0","0","0","0","0","0","0","0","0","0","0","0","0","0.1%"
"467","Patrick Edwards (DET)","0","0","0","0","0","0","0","0","0","0","0","0","0","0",""
"468","Michael Calvin (TEN)","0","0","0","0","0","0","0","0","0","0","0","0","0","0",""
"469","Eron Riley (NYJ)","0","0","0","0","0","0","0","0","0","0","0","0","0","0",""
"470","Andy Fantuz (CHI)","0","0","0","0","0","0","0","0","0","0","0","0","0","0",""
"471","Taj Smith (IND)","0","0","0","0","0","0","0","0","0","0","0","0","0","0",""
"472","Scotty McKnight (NYJ)","0","0","0","0","0","0","0","0","0","0","0","0","0","0",""
"473","Demario Ballard (DET)","0","0","0","0","0","0","0","0","0","0","0","0","0","0",""
"474","Markus Wheaton (FA)","0","0","0","0","0","0","0","0","0","0","0","1","0.0","0.0","0.0%"
"475","Lance Long (SF)","0","0","0","0","0","0","0","0","0","0","0","0","0","0",""
"476","Kenny McKinley (DEN)","0","0","0","0","0","0","0","0","0","0","0","0","0","0",""
"477","Juaquin Iglesias (MIN)","0","0","0","0","0","0","0","0","0","0","0","0","0","0",""
"478","John Standeford (DET)","0","0","0","0","0","0","0","0","0","0","0","0","0","0",""
"479","Brandon Tate (FA)","0","0","0","0","0","0","0","0","0","0","0","1","0.0","0.0","0.0%"
"480","Brandon London (PIT)","0","0","0","0","0","0","0","0","0","0","0","0","0","0",""
"481","Bobby Wade (WAS)","0","0","0","0","0","0","0","0","0","0","0","0","0","0",""
"482","Chris Henry (CIN)","0","0","0","0","0","0","0","0","0","0","0","0","0","0",""
"483","Joe Webb III (FA)","2","3","13","6.5","7","0","0","0","0","0","0","16","0.0","0.0","0.0%"
"484","Tyler Grisham (PIT)","0","0","0","0","0","0","0","0","0","0","0","0","0","0",""
"485","Todd Watkins (NYG)","0","0","0","0","0","0","0","0","0","0","0","0","0","0",""
"486","Jeremy Williams (LAC)","0","0","0","0","0","0","0","0","0","0","0","0","0","0",""
"487","Onrea Jones (CHI)","0","0","0","0","0","0","0","0","0","0","0","0","0","0",""
"488","Patrick Williams (SEA)","0","0","0","0","0","0","0","0","0","0","0","0","0","0",""
"489","Dominique Edison (DAL)","0","0","0","0","0","0","0","0","0","0","0","0","0","0",""
"490","Mike Wallace (FA)","0","3","0","0","0","0","0","0","0","0","0","2","0.0","0.0","0.0%"
"491","Mike Furrey (WAS)","0","0","0","0","0","0","0","0","0","0","0","0","0","0",""
"492","Maurice Purify (CIN)","0","0","0","0","0","0","0","0","0","0","0","0","0","0",""
"493","Matthew Slater (NE)","0","0","0","0","0","0","0","0","0","0","0","16","0.0","0.0","0.0%"
"494","Marko Mitchell (MIN)","0","0","0","0","0","0","0","0","0","0","0","0","0","0",""
"495","Nate Hughes (JAC)","0","0","0","0","0","0","0","0","0","0","0","0","0","0",""
"496","Sam Giguere (NYG)","0","0","0","0","0","0","0","0","0","0","0","0","0","0",""
"497","Rod Harper (PHI)","0","0","0","0","0","0","0","0","0","0","0","0","0","0",""
"498","Mike Thomas (CIN)","0","0","0","0","0","0","0","0","0","0","0","1","0.0","0.0","0.1%"
"499","Trevor Davis (FA)","0","0","0","0","0","0","0","0","0","0","0","2","0.0","0.0","0.0%"
"500","Kalif Raymond (DET)","0","0","0","0","0","0","0","0","0","0","0","0","0","0","0.1%"
"501","Jaydon Mickens (TB)","0","0","0","0","0","0","0","0","0","0","0","6","0.0","0.0","0.0%"
"502","Mose Frazier (FA)","0","0","0","0","0","0","0","0","0","0","0","1","0.0","0.0","0.0%"
"503","Reece Horn (CIN)","0","0","0","0","0","0","0","0","0","0","0","0","0","0",""
"504","Pharoh Cooper (JAC)","0","1","0","0","0","0","0","0","0","0","0","7","0.0","0.0","0.0%"
"505","Johnny Holton (NYG)","0","1","0","0","0","0","0","0","0","0","0","1","0.0","0.0","0.0%"
"506","Keenan Reynolds (FA)","0","0","0","0","0","0","0","0","0","0","0","2","0.0","0.0","0.0%"
"507","Alonzo Russell (FA)","0","0","0","0","0","0","0","0","0","0","0","1","0.0","0.0","0.0%"
"508","Taquan Mizzell (NYG)","8","10","78","9.8","26","1","1","9","16","0","0","9","0.0","0.0","0.0%"
"509","C.J. Board (NYG)","0","0","0","0","0","0","0","0","0","0","0","0","0","0","0.0%"
"510","Andre Patton (PHI)","0","0","0","0","0","0","0","0","0","0","0","0","0","0","0.0%"
"511","Tanner Gentry (BUF)","0","0","0","0","0","0","0","0","0","0","0","0","0","0","0.0%"
"512","Deante Burton (DAL)","0","0","0","0","0","0","0","0","0","0","0","3","0.0","0.0","0.0%"
"513","Reggie Davis (DAL)","0","0","0","0","0","0","0","0","0","0","0","0","0","0",""
"514","Isaac Whitney (ARI)","0","0","0","0","0","0","0","0","0","0","0","0","0","0","0.0%"
"515","Jamal Agnew (JAC)","0","0","0","0","0","0","0","1","17","0","0","6","0.0","0.0","0.1%"
"516","Duke Williams (BUF)","0","0","0","0","0","0","0","0","0","0","0","0","0","0","0.0%"
"517","Tanner McEvoy (FA)","0","0","0","0","0","0","0","0","0","0","0","2","0.0","0.0","0.0%"
"518","Jake Lampman (NO)","0","0","0","0","0","0","0","0","0","0","0","0","0","0",""
"519","Marken Michel (CAR)","0","0","0","0","0","0","0","0","0","0","0","0","0","0","0.0%"
"520","Brendan Langley (FA)","0","0","0","0","0","0","0","0","0","0","0","5","0.0","0.0","0.0%"
"521","Bug Howard (BUF)","0","0","0","0","0","0","0","0","0","0","0","0","0","0",""
"522","Cody Hollister (TEN)","0","0","0","0","0","0","0","0","0","0","0","0","0","0","0.0%"
"523","Stacy Coley (FA)","0","1","0","0","0","0","0","0","0","0","0","3","0.0","0.0","0.0%"
"524","Krishawn Hogan (CAR)","0","0","0","0","0","0","0","0","0","0","0","0","0","0","0.0%"
"525","Robert Davis (LV)","0","0","0","0","0","0","0","0","0","0","0","0","0","0","0.0%"
"526","Rodney Adams (CHI)","0","0","0","0","0","0","0","0","0","0","0","0","0","0","0.0%"
"527","Mack Hollins (MIA)","0","0","0","0","0","0","0","0","0","0","0","0","0","0","0.0%"
"528","Malachi Dupre (FA)","0","0","0","0","0","0","0","0","0","0","0","1","0.0","0.0","0.0%"
"529","Amara Darboh (DEN)","0","0","0","0","0","0","0","0","0","0","0","0","0","0","0.0%"
"530","Isaiah Ford (MIA)","0","1","0","0","0","0","0","0","0","0","0","1","0.0","0.0","0.0%"
"531","Chad Hansen (DET)","0","0","0","0","0","0","0","0","0","0","0","0","0","0","0.0%"
"532","Freddie Martino (FA)","0","1","0","0","0","0","0","0","0","0","0","4","0.0","0.0","0.1%"
"533","Diontae Spencer (DEN)","0","0","0","0","0","0","0","0","0","0","0","0","0","0","0.1%"
"534","Bradley Marquez (FA)","0","0","0","0","0","0","0","0","0","0","0","1","0.0","0.0","0.0%"
"535","Geremy Davis (FA)","0","1","0","0","0","0","0","0","0","0","0","14","0.0","0.0","0.0%"
"536","Duron Carter (FA)","0","0","0","0","0","0","0","0","0","0","0","1","0.0","0.0","0.0%"
"537","Devin Smith (NE)","0","0","0","0","0","0","0","0","0","0","0","0","0","0","0.0%"
"538","Rod Streater (FA)","0","0","0","0","0","0","0","1","-11","0","0","3","-1.1","-0.4","0.1%"
"539","J.J. Jones (FA)","1","1","3","3.0","3","0","0","1","0","0","1","4","-1.2","-0.3","0.0%"
"540","Kaelin Clay (FA)","0","0","0","0","0","0","0","0","0","0","1","2","-2.0","-1.0","0.0%"
"541","JoJo Natson (CLE)","0","0","0","0","0","0","0","0","0","0","1","13","-2.0","-0.2","0.0%"
"542","Riley McCarron (FA)","0","1","0","0","0","0","0","0","0","0","1","1","-2.0","-2.0","0.0%"
""
""